Block_X,Block_Y,Coordinate_X,Coordinate_Y,Tree_Number,SPECODE,SPECIES-GROUP,Diameter (cm),Diameter Class,Height (m),Volume (m^3),Status,Production,Cut Volume (m^3),Cutting Angle,Damage Crown,Damage Stem,Diameter_30,Production_30,Diameter after 30 years,Volume after 30 years
1,1,40,44,T01015318,KRBO,5,226.64,5,9.9,19.98312,Cut,128413.43,19.98312,56.5,14.90m,26.48,247.64,584472.6091,247.64,410513.03
6,10,596,982,T06105465,ONLK,7,201.55,5,10.22,16.30698,Cut,101559.24,16.30698,51.7,15.22m,470.69,222.55,472574.7841000001,222.55,470669.26
2,5,187,403,T02057404,DCSP,2,246.43,5,10.19,24.28766,Cut,151825.63,24.28766,99.3,15.19m,30.62,267.43,677459.4641,267.43,679643.11
2,5,124,427,T02057668,KANA,1,166.85,5,7.7,8.42056,Cut,69598.69,8.42056,6.9,12.70m,1024.68,187.85,335874.1291,187.85,335338.18
2,8,103,775,T02087003,CCHB,6,24.87,2,14.35,0.34562,Keep,1546.39,,63.4,,,41.77,16763.3891,41.77,11678.91
6,8,536,701,T06089753,PHNO,1,14.24,1,2.73,0.03142,Keep,506.86,,249.7,,,29.04,7827.62317,29.04,8013.99
2,1,124,92,T02014276,TRYG,1,25.87,2,11.88,0.3142,Keep,1672.82,,160.5,,,42.97,17734.975820000003,42.97,17546.44
1,1,12,55,T01011496,KRAS,4,123.19,5,5.96,3.55046,Cut,37938.65,3.55046,187.3,10.96m,93.67,144.19,197054.30510000003,144.19,197574.46
9,7,832,626,T09071313,KKLG,3,86.39,5,12.19,3.5818799999999995,Cut,18659.49,3.5818799999999995,8.2,17.19m,5773.68,107.39,108799.9441,107.39,77198.97
10,4,982,390,T10042420,KCAS,4,52.83,4,12.2,1.35106,Cut,6976.94,1.35106,156.0,17.20m,2205.61,70.83,48174.985420000005,70.83,33582.72
8,1,772,77,T08012014,PLNG,4,21.23,2,13.25,0.21994,Keep,1127.37,,312.3,,,37.43,13150.728620000002,37.43,9378.0
4,2,315,143,T04029235,SAHA,2,33.43,3,9.56,0.40846,Keep,2793.85,,288.4,,,50.43,23757.5971,50.43,17023.75
2,6,132,524,T02061702,SRKR,3,129.45,5,5.51,3.6133,Cut,41894.79,3.6133,299.2,10.51m,73.77,150.45,213817.5971,150.45,151519.71
5,10,414,927,T05101352,DKOR,2,61.51,5,4.24,0.6284000000000001,Cut,9458.37,0.6284000000000001,53.7,9.24m,304.11,82.51,65466.2641,82.51,64695.38
8,7,752,663,T08075450,ROML,7,21.87,2,6.11,0.12568,Keep,1195.77,,258.3,,,38.17,14012.84078,38.17,13845.29
3,5,282,491,T03059612,SOPI,6,229.86,5,4.73,9.83446,Cut,132090.48,9.83446,78.2,9.73m,58.91,250.86,598698.6001,250.86,421258.04
2,3,198,201,T02031159,DOKM,3,179.48,5,10.77,13.63628,Cut,80536.71,13.63628,340.9,15.77m,571.79,200.48,380120.0971,200.48,269046.46
10,9,915,885,T10096154,KREM,6,95.24,5,9.02,3.20484,Cut,22677.49,3.20484,68.2,14.02m,365.97,116.24,127872.4651,116.24,90447.24
5,2,446,132,T05023053,KLNG,7,158.1,5,14.22,13.95048,Cut,62491.62,13.95048,67.8,19.22m,182.01,179.1,304485.72010000004,179.1,214721.84
2,10,180,928,T02109518,BSNK,3,180.88,5,12.53,16.08704,Cut,81792.44,16.08704,15.5,17.53m,649.06,201.88,387760.5091,201.88,387299.75
3,2,256,112,T03026285,POKH,1,168.68,5,3.52,3.9275,Cut,71129.22,3.9275,212.0,8.52m,409.69,189.68,343058.3971,189.68,240839.76
4,9,396,816,T04098347,BAKK,1,34.91,3,12.03,0.56556,Keep,3046.14,,57.9,,,51.61,25400.57077,51.61,17829.75
2,5,150,485,T02055145,PNAG,4,198.08,5,3.74,5.74986,Cut,98084.93,5.74986,90.3,8.74m,0.79,219.08,455773.4801,219.08,321285.2
10,2,983,120,T10021019,NGOK,6,199.58,5,12.86,20.1088,Cut,99578.1,20.1088,275.9,17.86m,101.58,220.58,464136.1201,220.58,462373.47
4,6,376,575,T04066861,TRLT,7,179.2,5,7.75,9.77162,Cut,80278.28,9.77162,153.4,12.75m,750.85,200.2,380120.0971,200.2,380880.52
4,3,352,255,T04038215,PROM,3,219.42,5,7.04,13.32208,Cut,120364.85,13.32208,5.2,12.04m,3867.83,240.42,547372.8971000001,240.42,549290.18
2,9,126,886,T02098076,POBY,4,16.01,2,5.05,0.06284,Keep,640.64,,183.3,,,31.21,9250.69742,31.21,9256.43
1,1,78,51,T01011820,SWPR,5,120.29,5,5.52,3.142,Cut,36171.56,3.142,359.1,10.52m,4965.23,141.29,188929.2401,141.29,133631.08
2,3,139,200,T02038196,AKSL,3,134.66,5,10.87,7.729319999999999,Cut,45333.87,7.729319999999999,335.6,15.87m,306.42,155.66,231265.1051,155.66,162195.53
2,5,119,495,T02056247,KKCM,6,200.75,5,4.53,7.163759999999999,Cut,100756.36,7.163759999999999,106.2,9.53m,34.57,221.75,468345.9491,221.75,467291.52
7,1,652,47,T07015348,PHNO,5,176.63,5,14.2,17.406679999999998,Cut,77991.9,17.406679999999998,50.3,19.20m,541.3,197.63,372555.7091,197.63,261451.36
10,3,936,232,T10035877,PAGA,1,177.45,5,8.83,10.93416,Cut,78723.44,10.93416,292.4,13.83m,385.79,198.45,372555.7091,198.45,374250.87
3,3,229,282,T03038902,THNO,2,13.49,1,5.77,0.03142,Keep,454.85,,221.4,,,28.09,7186.74085,28.09,2209.36
8,1,710,49,T08013543,SYCR,6,246.29,5,14.4,34.31064,Cut,151645.84,34.31064,45.2,19.40m,705.06,267.29,677459.4641,267.29,478245.43
7,1,659,20,T07012269,DRDV,6,246.31,5,5.8,13.824800000000002,Cut,151666.75,13.824800000000002,346.8,10.80m,2809.66,267.31,677459.4641,267.31,478317.0
2,9,179,874,T02092133,ROVN,3,221.88,5,4.25,8.23204,Cut,123078.36,8.23204,86.4,9.25m,11.26,242.88,561142.7441,242.88,394883.38
10,9,975,845,T10093238,TTPY,2,165.7,5,12.49,13.44776,Cut,68639.17,13.44776,264.0,17.49m,102.48,186.7,332310.5041,186.7,331244.93
1,1,13,56,T01011252,KANE,7,243.14,5,6.64,15.42722,Cut,147793.26,15.42722,3.7,11.64m,201.03,264.14,662321.1851,264.14,467039.64
5,5,467,409,T05054158,KNAY,7,106.49,5,6.61,2.95348,Cut,28353.0,2.95348,172.5,11.61m,3547.22,127.49,153273.9841,127.49,108801.94
4,2,310,133,T04029283,SRKR,6,124.07,5,10.46,6.315419999999999,Cut,38483.64,6.315419999999999,326.5,15.46m,468.36,145.07,199800.67210000005,145.07,140876.94
9,7,892,683,T09076444,PLON,3,226.55,5,4.59,9.2689,Cut,128309.87,9.2689,233.7,9.59m,655.24,247.55,584472.6091,247.55,410214.7
8,3,731,262,T08036768,TREN,2,210.79,5,13.13,22.90518,Cut,111082.98,22.90518,134.7,18.13m,723.38,231.79,511489.5691,231.79,359645.56
2,8,112,722,T02082394,KRVN,2,152.48,5,7.98,7.289439999999999,Cut,58126.24,7.289439999999999,67.2,12.98m,47.08,173.48,284415.3841,173.48,201457.68
10,7,939,692,T10075081,SVPT,2,105.59,5,7.08,3.11058,Cut,27874.52,3.11058,30.6,12.08m,1587.76,126.59,153273.9841,126.59,152285.74
6,10,524,923,T06106159,PROM,1,218.12,5,4.34,8.10636,Cut,118937.93,8.10636,253.7,9.34m,153.23,239.12,542820.9601,239.12,543365.99
4,8,343,731,T04081376,THNO,6,166.81,5,4.7,5.12146,Cut,69566.73,5.12146,279.9,9.70m,59.86,187.81,335874.1291,187.81,236114.43
6,6,560,510,T06065179,CHCK,2,211.21,5,3.14,5.4985,Cut,111525.36,5.4985,28.3,8.14m,1040.03,232.21,511489.5691,232.21,512415.77
5,9,450,800,T05097183,KNAY,2,143.06,5,4.82,3.86466,Cut,51166.61,3.86466,67.1,9.82m,190.09,164.06,255592.7851,164.06,255779.64
2,6,133,563,T02063201,PRLO,1,10.42,1,6.58,0.03142,Keep,271.61,,21.2,,,24.22,5337.83717,24.22,1642.53
5,8,436,724,T05089066,CHKO,5,181.48,5,13.37,17.31242,Cut,82335.33,17.31242,352.8,18.37m,3451.3,202.48,387760.5091,202.48,274441.29
2,1,107,2,T02018018,KMPT,1,138.24,5,3.77,2.8278,Cut,47774.61,2.8278,132.5,8.77m,98.05,159.24,240245.4401,159.24,169741.95
5,5,415,418,T05052097,DAKD,3,238.72,5,12.58,28.152320000000003,Cut,142465.72,28.152320000000003,68.0,17.58m,167.67,259.72,642402.8971000001,259.72,641019.81
6,4,561,332,T06043071,KHLG,1,74.32,5,11.01,2.38792,Cut,13808.22,2.38792,355.5,16.01m,7128.18,95.32,85764.6721,95.32,86343.23
2,4,166,367,T02043831,TKOV,3,97.06,5,2.91,1.06828,Cut,23551.56,1.06828,25.7,7.91m,344.92,118.06,132319.8691,118.06,132454.27
10,3,902,296,T10036209,MNPR,5,102.21,5,4.74,1.94804,Cut,26115.06,1.94804,79.9,9.74m,160.67,123.21,143770.9841,123.21,144262.13
4,4,303,345,T04045986,CHBR,6,32.8,3,6.91,0.28278,Keep,2689.18,,163.6,,,49.9,23757.5971,49.9,16667.8
2,4,127,360,T02043423,SARG,7,11.25,1,9.45,0.03142,Keep,316.53,,150.2,,,25.25,5939.4721,25.25,6058.66
3,3,235,294,T03033831,KHLG,3,237.69,5,13.26,29.440539999999995,Cut,141236.16,29.440539999999995,76.3,18.26m,57.29,258.69,637470.8401,258.69,447965.6
4,8,360,761,T04085194,PRUS,1,44.17,3,7.94,0.59698,Keep,4876.73,,271.3,,,59.37,33304.691020000006,59.37,23594.66
9,7,834,672,T09072440,LMBI,6,147.83,5,9.23,7.91784,Cut,54637.02,7.91784,189.2,14.23m,5149.27,168.83,271415.28010000003,168.83,190802.56
2,3,153,229,T02031122,MASK,6,16.79,2,6.34,0.06284,Keep,704.67,,67.4,,,32.09,9975.966380000002,32.09,9785.79
2,5,195,445,T02057803,CHKM,6,176.93,5,5.55,6.81814,Cut,78258.68,6.81814,54.1,10.55m,141.16,197.93,372555.7091,197.93,262245.72
7,10,617,921,T07107687,KOMY,6,81.16,5,3.42,0.8797600000000001,Cut,16468.59,0.8797600000000001,159.4,8.42m,1641.5,102.16,98869.3091,102.16,99179.54
7,2,660,102,T07023891,DYSP,7,24.77,2,9.51,0.21994,Keep,1533.97,,11.1,,,41.67,16763.3891,41.67,11623.06
3,9,274,840,T03094375,LMBI,5,77.23,5,11.77,2.76496,Cut,14909.47,2.76496,199.8,16.77m,761.06,98.23,91266.9091,98.23,91695.61
7,6,682,522,T07065601,TMAK,1,87.54,5,5.02,1.50816,Cut,19158.84,1.50816,177.2,10.02m,13944.5,108.54,112905.2401,108.54,78861.23
5,6,492,570,T05061463,HUDN,5,27.86,2,8.6,0.25136,Keep,1940.89,,359.7,,,45.36,19673.68285,45.36,13772.77
7,1,681,43,T07017630,CHBK,3,8.85,1,6.48,0.03142,Keep,196.12,,33.3,,,22.25,4810.99085,22.25,4704.48
1,5,46,411,T01051928,CHRM,4,238.32,5,11.67,26.04718,Cut,141993.04,26.04718,19.9,16.67m,127.07,259.32,637470.8401,259.32,639046.84
2,3,182,209,T02034395,KKMS,2,113.51,5,8.0,4.05318,Cut,32209.17,4.05318,286.1,13.00m,52.53,134.51,173192.2721,134.51,121113.81
7,2,671,151,T07024954,MMAG,6,200.14,5,3.19,5.027200000000001,Cut,100139.09,5.027200000000001,171.7,8.19m,4599.54,221.14,464136.1201,221.14,327355.68
7,1,631,94,T07011700,ANKB,2,42.3,3,12.85,0.91118,Keep,4473.13,,300.7,,,57.8,31419.39085,57.8,31747.91
6,8,583,734,T06082082,ANKT,1,175.47,5,12.87,15.5529,Cut,76972.15,15.5529,128.8,17.87m,468.74,196.47,365067.3451,196.47,258391.15
10,5,994,448,T10056694,ANKT,4,49.02,4,8.5,0.81692,Cut,6006.47,0.81692,114.7,13.50m,457.19,65.62,40894.92718,65.62,28823.93
5,10,462,994,T05106040,DRDV,5,101.43,5,2.96,1.19396,Cut,25718.6,1.19396,234.5,7.96m,329.54,122.43,141442.74910000002,122.43,100336.74
5,9,494,848,T05099998,CTES,3,126.85,5,5.61,3.55046,Cut,40229.8,3.55046,231.9,10.61m,387.35,147.85,208153.8091,147.85,146327.98
3,3,229,279,T03039879,SRLO,1,156.58,5,4.24,4.0846,Cut,61294.86,4.0846,95.2,9.24m,20.84,177.58,301093.14910000004,177.58,211092.66
9,6,883,577,T09067532,RODL,5,226.28,5,4.06,8.1692,Cut,128010.98,8.1692,5.2,9.06m,9702.54,247.28,579768.6241,247.28,581083.63
4,3,305,254,T04035030,PANG,1,85.95,5,5.1,1.47674,Cut,18467.42,1.47674,288.2,10.10m,100.28,106.95,108799.9441,106.95,108698.09
1,6,25,514,T01068555,RINM,3,6.98,1,6.62,0.0,Keep,121.88,,66.4,,,19.88,3801.2971,19.88,3755.63
6,3,529,255,T06035090,LORT,1,248.66,5,14.38,34.93904,Cut,154585.07,34.93904,85.5,19.38m,41.63,269.66,692768.7971,269.66,486764.02
10,10,972,920,T10103372,TRSK,2,160.64,5,7.74,7.854999999999999,Cut,64512.48,7.854999999999999,312.8,12.74m,900.08,181.64,314777.46910000005,181.64,313533.23
4,7,303,610,T04075411,TMAK,6,160.95,5,5.49,5.59276,Cut,64758.95,5.59276,205.7,10.49m,629.59,181.95,314777.46910000005,181.95,314604.34
7,6,635,583,T07064094,CHBR,4,204.23,5,3.92,6.40968,Cut,104273.03,6.40968,211.3,8.92m,1044.39,225.23,481089.4721,225.23,482073.34
2,8,125,764,T02085286,PREL,6,12.6,1,12.5,0.06284,Keep,396.8,,269.5,,,27.0,7186.74085,26.9,6876.37
3,4,258,383,T03042199,AMPI,3,193.3,5,14.76,21.64838,Cut,93412.44,21.64838,141.6,19.76m,325.51,214.3,435199.4851,214.3,436420.33
5,3,459,223,T05039657,YOUK,7,93.22,5,6.97,2.38792,Cut,21727.08,2.38792,56.8,11.97m,300.36,114.22,123501.0851,114.22,123978.02
8,1,729,87,T08018677,KHOS,3,45.24,4,12.89,1.03686,Cut,5116.75,1.03686,220.2,17.89m,862.66,60.24,34210.8971,60.24,34484.94
1,6,58,575,T01066196,ATNG,5,59.68,4,3.6,0.50272,Cut,8903.11,0.50272,206.0,8.60m,118.92,80.48,62349.2801,80.48,61551.12
6,1,530,40,T06012068,ONLK,2,122.66,5,6.65,3.9275,Cut,37615.35,3.9275,354.8,11.65m,5823.72,143.66,197054.30510000003,143.66,196124.68
6,7,508,615,T06079934,TAPL,4,128.97,5,9.0,5.87554,Cut,41581.04,5.87554,310.7,14.00m,436.95,149.97,213817.5971,149.97,213731.88
10,9,908,866,T10096466,RUNG,1,227.13,5,10.05,20.36016,Cut,128970.87,20.36016,207.4,15.05m,1751.71,248.13,584472.6091,248.13,412139.19
4,4,363,360,T04048629,KRAS,3,208.94,5,6.39,10.96558,Cut,109140.28,10.96558,186.1,11.39m,3396.68,229.94,502708.7971,229.94,353927.54
3,5,292,459,T03051269,KKTM,5,243.74,5,3.9,9.08038,Cut,148524.56,9.08038,235.6,8.90m,199.94,264.74,667348.2721000001,264.74,469163.84
4,3,349,242,T04032998,PRUS,1,216.26,5,14.14,25.98434,Cut,116925.72,25.98434,175.8,19.14m,4752.48,237.26,533774.1041,237.26,534945.7
6,8,549,721,T06084406,PRUS,5,246.18,5,7.23,17.21816,Cut,151509.48,17.21816,278.5,12.23m,82.05,267.18,677459.4641,267.18,477851.88
4,9,304,851,T04097472,CHRH,4,243.12,5,5.74,13.32208,Cut,147762.72,13.32208,241.2,10.74m,167.13,264.12,662321.1851,264.12,662923.24
3,7,278,669,T03073877,TRSK,4,97.92,5,6.66,2.5136000000000003,Cut,23969.41,2.5136000000000003,31.5,11.66m,453.65,118.92,134572.08010000002,118.92,94665.99
10,1,932,98,T10015679,CHRH,6,24.21,2,14.4,0.34562,Keep,1466.01,,317.6,,,41.01,15819.17102,41.01,15982.24
8,3,786,258,T08035391,NIV,3,232.99,5,11.48,24.47618,Cut,135709.48,24.47618,326.7,16.48m,1196.57,253.99,613095.6451,253.99,613047.18
7,3,666,213,T07035106,ROML,7,228.8,5,7.81,16.05562,Cut,130868.86,16.05562,263.1,12.81m,80.59,249.8,593937.5971,249.8,592987.48
9,7,883,612,T09075530,POBY,4,48.29,4,7.2,0.65982,Cut,5828.88,0.65982,339.7,12.20m,2387.06,64.49,39168.04202,64.49,27839.75
9,2,822,156,T09029841,PPVK,2,105.72,5,12.46,5.46708,Cut,27940.17,5.46708,120.0,17.46m,474.58,126.72,153273.9841,126.72,107491.64
2,8,101,730,T02085680,KRSR,1,116.0,5,4.79,2.54502,Cut,33643.02,2.54502,75.8,9.79m,25.56,137.0,178361.9041,137.0,125639.35
7,8,628,735,T07084393,CHTU,4,129.66,5,10.31,6.81814,Cut,42027.6,6.81814,80.2,15.31m,108.47,150.66,216678.0001,150.66,215703.14
8,3,780,245,T08032538,LGNG,7,87.34,5,6.0,1.7909399999999998,Cut,19070.66,1.7909399999999998,32.0,11.00m,1248.26,108.34,110843.0891,108.34,111541.89
1,4,36,323,T01049099,PRNG,4,163.34,5,14.38,15.05018,Cut,66701.31,15.05018,286.1,19.38m,10.39,184.34,321733.66510000004,184.34,227470.06
5,4,426,379,T05048768,CTES,2,198.03,5,2.95,4.555899999999999,Cut,98043.5,4.555899999999999,138.1,7.95m,474.78,219.03,455773.4801,219.03,321138.57
6,1,524,48,T06013986,KTIT,7,162.52,5,4.04,4.17886,Cut,66033.55,4.17886,77.5,9.04m,116.17,183.52,321733.66510000004,183.52,320057.05
5,6,405,588,T05063375,TTPY,2,201.98,5,14.87,23.81636,Cut,101985.65,23.81636,84.6,19.87m,38.28,222.98,472574.7841000001,222.98,472489.83
6,9,573,833,T06094050,PROM,1,210.49,5,11.67,20.29732,Cut,110765.37,20.29732,11.3,16.67m,2867.58,231.49,507089.6801,231.49,509243.06
4,1,362,60,T04012795,PHMA,2,83.34,5,14.26,3.89608,Cut,17363.42,3.89608,49.3,19.26m,311.37,104.34,102784.5451,104.34,72876.15
1,9,35,863,T01098003,CHKM,1,219.8,5,6.98,13.22782,Cut,120775.81,13.22782,241.9,11.98m,18.69,240.8,551943.8401,240.8,551027.94
10,7,955,689,T10073449,CHPS,3,27.68,2,11.18,0.34562,Keep,1915.34,,238.4,,,45.18,19673.68285,45.18,13663.68
8,10,768,902,T08109470,KLPO,1,207.63,5,9.55,16.1813,Cut,107779.71,16.1813,290.2,14.55m,282.57,228.63,498346.9201000001,228.63,349906.27
7,1,629,24,T07011141,CHKU,4,153.7,5,11.69,10.8399,Cut,59060.84,10.8399,3.2,16.69m,11250.49,174.7,291029.4721,174.7,204301.15
8,2,743,177,T08028897,KOTT,6,130.69,5,14.26,9.55168,Cut,42696.68,9.55168,338.1,19.26m,1848.27,151.69,219557.4091,151.69,154027.65
1,9,19,829,T01094811,SAVP,5,81.15,5,11.98,3.11058,Cut,16465.12,3.11058,22.0,16.98m,47.03,102.15,98869.3091,102.15,99160.12
6,4,561,332,T06043071,KHLG,1,74.32,5,11.01,2.38792,Cut,13808.22,2.38792,355.5,16.01m,7128.18,95.32,85764.6721,95.32,86343.23
3,3,234,254,T03035038,KKDK,6,183.31,5,13.72,18.09792,Cut,84002.38,18.09792,46.8,18.72m,219.74,204.31,395476.9451,204.31,279424.47
2,1,176,39,T02018551,BOPR,1,55.86,4,2.57,0.3142,Cut,7800.22,0.3142,291.2,7.57m,68.27,75.06,54026.172580000006,75.06,37713.69
5,5,423,452,T05058545,PYPK,2,69.61,5,3.94,0.75408,Cut,12113.33,0.75408,156.1,8.94m,954.55,90.61,78694.4401,90.61,54958.56
8,10,724,978,T08107819,VOEG,7,174.81,5,4.29,5.15288,Cut,76394.01,5.15288,227.4,9.29m,665.75,195.81,365067.3451,195.81,256658.05
8,3,780,218,T08035928,CHPS,2,94.96,5,2.57,0.91118,Cut,22543.26,0.91118,58.1,7.57m,485.51,115.96,127872.4651,115.96,127784.1
4,9,368,825,T04094505,SMPN,7,107.2,5,13.94,6.284,Cut,28727.35,6.284,282.4,18.94m,80.91,128.2,155697.24910000002,128.2,156183.99
10,9,975,871,T10092886,LMBI,7,235.59,5,9.22,20.07738,Cut,138755.72,20.07738,228.4,14.22m,865.65,256.59,627663.7441,256.59,440722.11
7,3,629,237,T07035163,TENG,2,229.04,5,3.18,6.53536,Cut,131149.42,6.53536,278.4,8.18m,92.88,250.04,593937.5971,250.04,418508.56
1,1,76,35,T01017534,CHMC,5,21.08,2,4.57,0.09426,Keep,1111.01,,8.6,,,37.28,13150.728620000002,37.28,9302.98
3,7,229,650,T03075910,KTIT,4,7.08,1,11.65,0.03142,Keep,125.47,,219.1,,,20.08,3801.2971,20.08,1129.01
1,2,89,129,T01028855,KHLG,3,204.47,5,12.43,20.39158,Cut,104520.37,20.39158,99.5,17.43m,14.89,225.47,481089.4721,225.47,340300.68
4,2,373,178,T04026140,SABL,1,190.22,5,5.26,7.477959999999999,Cut,90455.14,7.477959999999999,306.6,10.26m,277.01,211.22,423083.1601,211.22,298645.04
1,1,17,85,T01015824,BRCH,5,110.32,5,8.14,3.89608,Cut,30424.82,3.89608,343.2,13.14m,56.31,131.32,163081.08010000002,131.32,115437.31
6,5,587,416,T06052375,SRKM,6,95.53,5,3.83,1.38248,Cut,22816.21,1.38248,316.7,8.83m,622.91,116.53,130086.6641,116.53,129043.43
1,2,22,142,T01022910,ONLK,5,233.75,5,2.54,5.43566,Cut,136603.53,5.43566,329.7,7.54m,37.65,254.75,617932.6721,254.75,434423.95
2,4,102,323,T02049432,KRPM,1,73.23,5,14.24,2.9849,Cut,13406.11,2.9849,73.0,19.24m,31.18,94.23,83968.6051,94.23,59437.66
2,9,112,855,T02095127,CHKG,5,87.19,5,9.25,2.76496,Cut,19004.88,2.76496,205.3,14.25m,236.94,108.19,110843.0891,108.19,78353.45
9,2,892,101,T09021359,TRAG,5,50.12,4,6.65,0.65982,Cut,6280.2,0.65982,175.1,11.65m,10404.73,67.12,42659.0641,67.12,42811.81
3,4,230,370,T03044773,KDCK,6,225.52,5,6.19,12.34806,Cut,127142.92,12.34806,66.3,11.19m,100.96,246.52,579768.6241,246.52,577517.27
1,1,66,94,T01015228,SDAV,6,96.07,5,3.77,1.35106,Cut,23075.31,1.35106,349.4,8.77m,352.67,117.07,130086.6641,117.07,91743.52
7,8,603,719,T07081424,YOUK,7,219.01,5,13.27,25.01032,Cut,119917.25,25.01032,49.7,18.27m,511.38,240.01,547372.8971000001,240.01,547418.32
6,7,576,661,T06078666,TPOG,4,105.74,5,10.02,4.3988,Cut,27953.15,4.3988,54.0,15.02m,418.49,126.74,153273.9841,126.74,152646.85
9,3,889,219,T09033761,PRNG,1,138.94,5,13.75,10.431439999999998,Cut,48258.5,10.431439999999998,241.4,18.75m,484.7,159.94,243276.8971,159.94,243094.28
5,8,408,798,T05088179,TENG,5,79.59,5,11.73,2.92206,Cut,15837.9,2.92206,311.9,16.73m,366.08,100.59,96940.2001,100.59,96154.56
7,8,656,783,T07089983,RINM,3,47.27,4,13.7,1.19396,Cut,5585.43,1.19396,98.5,18.70m,98.04,63.07,37478.40862,63.07,37801.17
6,1,598,89,T06017753,KBKK,1,211.22,5,13.89,24.31908,Cut,111540.05,24.31908,166.2,18.89m,2434.62,232.22,511489.5691,232.22,360981.17
5,8,484,793,T05086900,TOLP,2,88.12,5,9.04,2.76496,Cut,19412.47,2.76496,86.5,14.04m,29.6,109.12,112905.2401,109.12,79706.29
2,1,172,70,T02016844,AKSL,3,96.84,5,13.4,4.93294,Cut,23445.0,4.93294,342.1,18.40m,532.52,117.84,132319.8691,117.84,131961.08
1,5,23,455,T01057232,KKKK,5,60.47,5,8.69,1.2568,Cut,9141.48,1.2568,99.9,13.69m,4.01,81.47,62349.2801,81.47,63074.74
9,7,883,672,T09072149,ONLK,2,152.29,5,14.16,12.8822,Cut,57984.06,12.8822,127.5,19.16m,677.55,173.29,284415.3841,173.29,285369.52
4,3,396,222,T04036016,TMAK,7,126.45,5,9.98,6.25258,Cut,39976.29,6.25258,17.2,14.98m,1279.27,147.45,205350.4241,147.45,145537.29
10,10,998,936,T10103377,KLIG,7,93.49,5,5.74,1.97946,Cut,21850.74,1.97946,267.2,10.74m,48.81,114.49,123501.0851,114.49,87744.35
8,1,723,92,T08018923,CHTR,3,132.5,5,9.91,6.84956,Cut,43893.13,6.84956,228.0,14.91m,650.99,153.5,225373.24510000003,153.5,223911.96
9,9,898,816,T09097396,CHKR,1,15.57,2,9.98,0.09426,Keep,606.46,,109.0,,,30.67,9250.69742,30.67,8938.89
6,10,530,978,T06109208,DOKM,1,204.14,5,5.73,9.36316,Cut,104179.6,9.36316,276.6,10.73m,61.32,225.14,481089.4721,225.14,481688.15
5,2,498,187,T05028854,SBMS,5,186.42,5,5.64,7.697900000000001,Cut,86882.49,7.697900000000001,61.9,10.64m,265.91,207.42,407194.1441,207.42,408848.01
5,5,406,415,T05058366,TEPI,4,49.91,4,8.44,0.81692,Cut,6227.13,0.81692,256.6,13.44m,96.72,66.71,42659.0641,66.71,42290.38
1,9,34,804,T01092581,PANG,1,84.89,5,2.56,0.72266,Cut,18016.51,0.72266,67.0,7.56m,14.43,105.89,106775.8051,105.89,75057.43
5,2,405,117,T05029255,KOMT,7,86.94,5,3.01,0.8797600000000001,Cut,18896.25,0.8797600000000001,222.5,8.01m,441.98,107.94,110843.0891,107.94,110719.77
7,6,657,510,T07068233,DNKY,6,62.22,5,6.34,0.97402,Cut,9678.25,0.97402,302.9,11.34m,425.03,83.22,65466.2641,83.22,65813.58
10,2,922,129,T10023906,NHAM,6,211.4,5,7.32,12.85078,Cut,111726.8,12.85078,324.7,12.32m,1302.19,232.4,511489.5691,232.4,513254.65
10,2,963,109,T10021517,SPTK,2,205.94,5,11.27,18.75774,Cut,106024.09,18.75774,220.8,16.27m,1115.65,226.94,489680.1841,226.94,489421.16
10,1,946,50,T10017233,CHKM,6,172.66,5,11.63,13.63628,Cut,74529.89,13.63628,282.3,16.63m,206.26,193.66,357655.0051,193.66,356402.27
6,2,563,151,T06024435,KKCM,3,222.51,5,14.49,28.18374,Cut,123780.19,28.18374,326.3,19.49m,844.18,243.51,565770.7051,243.51,563500.44
1,2,31,132,T01021963,KRKO,6,98.43,5,9.38,3.5818799999999995,Cut,24220.63,3.5818799999999995,235.3,14.38m,21.47,119.43,134572.08010000002,119.43,95479.7
5,3,448,297,T05036359,CHMC,7,138.78,5,8.73,6.5982,Cut,48147.5,6.5982,271.9,13.73m,14.86,159.78,243276.8971,159.78,170895.14
1,2,19,172,T01027609,KKMS,2,46.89,4,4.58,0.40846,Cut,5497.19,0.40846,277.4,9.58m,2.47,62.49,37478.40862,62.49,37109.12
10,5,969,402,T10052115,KRON,1,137.0,5,9.45,6.97524,Cut,46925.88,6.97524,282.1,14.45m,207.74,158.0,237232.9891,158.0,237232.79
6,8,526,760,T06086377,PNOM,3,225.17,5,11.02,21.93116,Cut,126757.26,21.93116,187.0,16.02m,4283.93,246.17,575083.6451,246.17,575878.56
10,10,900,997,T10105461,BRCH,5,64.36,5,12.02,1.94804,Cut,10355.4,1.94804,4.8,17.02m,10717.81,85.36,68659.2721,85.36,69241.89
4,7,372,648,T04071137,KLIG,3,66.75,5,9.15,1.60242,Cut,11137.55,1.60242,263.2,14.15m,44.36,87.75,73591.3291,87.75,51543.89
8,8,745,749,T08086889,CHKR,4,121.57,5,14.79,8.57766,Cut,36949.56,8.57766,258.5,19.79m,151.57,142.57,194326.9441,142.57,193159.83
9,6,844,541,T09069837,CHHU,6,78.85,5,13.92,3.39336,Cut,15543.73,3.39336,231.8,18.92m,664.16,99.85,95030.0971,99.85,94745.03
8,5,712,469,T08059190,KRAY,6,154.13,5,12.51,11.68824,Cut,59392.53,11.68824,27.9,17.51m,1344.73,175.13,291029.4721,175.13,291461.83
9,10,894,903,T09101690,NIV,3,156.86,5,10.52,10.14866,Cut,61513.84,10.14866,270.0,15.52m,0.0,177.86,301093.14910000004,177.86,300619.51
7,10,633,917,T07102222,KRMN,5,103.16,5,11.8,4.93294,Cut,26605.7,4.93294,220.6,16.80m,738.53,124.16,146118.2251,124.16,103192.4
8,2,730,161,T08023709,THNS,5,166.02,5,8.76,9.48884,Cut,68904.79,9.48884,248.4,13.76m,289.03,187.02,332310.5041,187.02,234132.23
5,3,418,290,T05038566,SKRM,3,34.11,3,11.64,0.5341400000000001,Keep,2908.14,,277.3,,,51.01,24620.56453,51.01,24726.9
7,2,669,189,T07027428,BENG,6,94.37,5,14.22,4.96436,Cut,22263.98,4.96436,109.3,19.22m,234.28,115.37,125677.2721,115.37,89098.39
8,10,724,978,T08107819,VOEG,7,174.81,5,4.29,5.15288,Cut,76394.01,5.15288,227.4,9.29m,665.75,195.81,365067.3451,195.81,256658.05
6,10,586,904,T06108660,KAOM,1,30.78,3,3.44,0.12568,Keep,2368.8,,262.6,,,48.18,22261.44478,48.18,15538.53
1,2,0,121,T01028165,TBEG,2,190.1,5,8.96,12.7251,Cut,90346.57,12.7251,335.9,13.96m,0.0,211.1,423083.1601,211.1,298305.8
10,6,927,584,T10067389,ROML,7,21.2,2,6.62,0.12568,Keep,1123.34,,94.8,,,37.4,13150.728620000002,37.4,9362.97
5,4,493,316,T05047843,DCSP,4,104.85,5,12.73,5.4985,Cut,27481.71,5.4985,335.7,17.73m,1091.87,125.85,150869.7251,125.85,106020.73
1,5,87,429,T01059394,BAKK,6,18.39,2,13.27,0.18852,Keep,845.42,,283.6,,,33.99,10728.603980000002,33.99,7733.38
7,9,626,838,T07094853,PHON,6,37.75,3,5.92,0.34562,Keep,3562.31,,175.7,,,54.05,27916.49002,54.05,19555.54
6,7,544,625,T06073480,KHOS,3,18.99,2,7.6,0.09426,Keep,902.15,,315.1,,,34.69,11508.61022,34.69,11435.78
2,9,132,820,T02097868,TRYG,2,107.21,5,3.31,1.50816,Cut,28736.3,1.50816,62.7,8.31m,68.13,128.21,155697.24910000002,128.21,110034.33
9,4,817,397,T09042091,PCEK,6,227.05,5,10.66,21.58554,Cut,128883.8,21.58554,49.2,15.66m,705.22,248.05,584472.6091,248.05,584708.11
7,2,642,107,T07024380,SME,3,243.28,5,5.44,12.66226,Cut,147961.82,12.66226,303.0,10.44m,416.92,264.28,662321.1851,264.28,663726.66
6,7,530,641,T06078978,NHAM,2,37.18,3,4.38,0.25136,Keep,3455.19,,255.6,,,53.58,27098.47178,53.58,19216.91
9,4,892,397,T09048722,TRAC,6,144.1,5,3.63,2.95348,Cut,51910.73,2.95348,341.9,8.63m,2729.08,165.1,258719.27210000003,165.1,259032.77
6,7,518,621,T06075768,TRSK,5,150.52,5,3.68,3.26768,Cut,56641.61,3.26768,186.4,8.68m,4618.07,171.52,281136.8491,171.52,196931.19
10,8,956,723,T10083254,KRVN,7,154.91,5,14.62,13.79338,Cut,59992.89,13.79338,65.0,19.62m,445.79,175.91,294365.0251,175.91,294063.85
7,3,686,202,T07032766,KANA,5,123.65,5,10.82,6.503939999999999,Cut,38222.68,6.503939999999999,308.0,15.82m,535.96,144.65,199800.67210000005,144.65,140062.4
8,7,731,689,T08078394,RODL,3,144.93,5,3.97,3.26768,Cut,52510.63,3.26768,328.8,8.97m,1207.02,165.93,261864.7651,165.93,184304.0
4,3,398,229,T04035876,PNOM,2,78.47,5,13.31,3.20484,Cut,15395.45,3.20484,252.7,18.31m,123.96,99.47,93139.0001,99.47,94025.25
10,10,980,995,T10104724,ONLK,6,37.01,3,8.77,0.4712999999999999,Keep,3423.92,,151.7,,,53.41,27098.47178,53.41,27108.43
1,5,6,422,T01057736,PHNO,3,235.14,5,11.17,24.25624,Cut,138229.97,24.25624,33.5,16.17m,9.07,256.14,622788.7051,256.14,623469.87
2,4,138,320,T02047953,SBMS,2,120.37,5,3.66,2.07372,Cut,36223.75,2.07372,199.0,8.66m,400.78,141.37,188929.2401,141.37,189921.89
2,5,130,456,T02052035,CHTR,6,49.85,4,5.95,0.56556,Cut,6212.32,0.56556,160.3,10.95m,363.08,66.65,42659.0641,66.65,29735.91
9,4,841,303,T09047857,DAKD,6,203.89,5,12.53,20.45442,Cut,103932.43,20.45442,345.2,17.53m,3183.06,224.89,481089.4721,224.89,338552.15
5,4,476,321,T05047481,ONLK,5,222.11,5,6.15,11.9396,Cut,123337.31,11.9396,51.0,11.15m,385.46,243.11,561142.7441,243.11,561650.7
8,10,745,971,T08107512,ADCH,4,129.64,5,8.49,5.59276,Cut,42014.97,5.59276,11.9,13.49m,3535.28,150.64,216678.0001,150.64,215645.87
9,3,880,270,T09035180,BOPR,2,189.34,5,7.78,10.96558,Cut,89619.99,10.96558,13.1,12.78m,3781.57,210.34,419082.3971,210.34,420440.33
8,7,790,676,T08073374,PHDK,3,202.91,5,9.66,15.61574,Cut,102929.68,15.61574,24.8,14.66m,1709.72,223.91,476822.6251,223.91,335607.97
4,5,386,453,T04057419,SLEN,7,146.71,5,4.54,3.83324,Cut,53812.32,3.83324,252.3,9.54m,123.19,167.71,268212.76910000003,167.71,267287.4
4,2,368,188,T04026896,NGOK,6,202.39,5,4.65,7.477959999999999,Cut,102407.6,7.477959999999999,69.4,9.65m,138.32,223.39,472574.7841000001,223.39,334050.97
3,7,239,691,T03077535,SVCT,3,116.83,5,10.03,5.37282,Cut,34121.84,5.37282,102.7,15.03m,53.86,137.83,180975.22910000003,137.83,180529.43
3,9,269,859,T03096390,SNAY,2,213.17,5,14.44,25.7644,Cut,113598.71,25.7644,190.8,19.44m,1410.15,234.17,520346.3651,234.17,367069.1
8,7,782,612,T08073439,SLEN,2,92.13,5,8.72,2.92206,Cut,21221.07,2.92206,90.0,13.72m,0.0,113.13,121343.9041,113.13,121623.07
10,10,987,946,T10103422,POPL,3,219.06,5,12.06,22.74808,Cut,119965.78,22.74808,150.1,17.06m,1716.45,240.06,547372.8971000001,240.06,547646.42
2,8,113,709,T02089215,PLOK,6,103.28,5,7.26,3.04774,Cut,26665.02,3.04774,213.1,12.26m,173.34,124.28,146118.2251,124.28,146778.66
5,2,428,197,T05027900,TRCU,7,204.25,5,13.06,21.39702,Cut,104299.84,21.39702,67.8,18.06m,174.66,225.25,481089.4721,225.25,339636.91
4,6,381,566,T04069126,PRPN,2,241.59,5,9.42,21.58554,Cut,145917.09,21.58554,288.9,14.42m,130.45,262.59,657313.1041,262.59,461574.45
3,6,233,586,T03063092,TRMN,7,132.64,5,11.48,7.91784,Cut,43981.99,7.91784,175.4,16.48m,2895.92,153.64,225373.24510000003,153.64,224320.59
6,2,531,138,T06024055,KKKK,2,158.83,5,3.93,3.89608,Cut,63071.31,3.89608,170.7,8.93m,3242.62,179.83,307897.2971,179.83,307315.79
10,2,929,103,T10023866,BKSV,1,163.54,5,2.8,2.92206,Cut,66862.59,2.92206,220.1,7.80m,1103.22,184.54,325240.2721,184.54,323624.68
2,6,104,535,T02064837,THNS,1,108.0,5,11.08,5.09004,Cut,29157.89,5.09004,276.4,16.08m,11.67,129.0,158139.52010000002,129.0,158139.33
4,4,388,353,T04042602,HISN,5,94.44,5,14.17,4.96436,Cut,22295.31,4.96436,12.7,19.17m,1721.69,115.44,125677.2721,115.44,89206.55
3,5,282,486,T03058822,PNKP,2,202.09,5,6.39,10.24292,Cut,102099.45,10.24292,53.0,11.39m,212.5,223.09,472574.7841000001,223.09,333154.35
1,6,16,529,T01061949,NGOK,4,205.15,5,9.4,15.5529,Cut,105218.85,15.5529,147.0,14.40m,24.64,226.15,485375.3251,226.15,486019.65
4,5,311,436,T04057485,TREN,3,196.67,5,10.1,15.33296,Cut,96695.64,15.33296,185.3,15.10m,3352.48,217.67,451620.6691,217.67,450254.22
10,4,920,396,T10049931,ANRD,3,106.49,5,3.11,1.38248,Cut,28349.28,1.38248,70.2,8.11m,331.22,127.49,153273.9841,127.49,154458.81
2,7,165,602,T02079173,SDAV,7,47.37,4,6.82,0.59698,Cut,5609.96,0.59698,178.6,11.82m,6751.37,63.17,37478.40862,63.17,26711.73
7,5,669,406,T07055687,ANOM,1,175.69,5,4.14,5.027200000000001,Cut,77167.88,5.027200000000001,111.3,9.14m,260.83,196.69,368802.0241,196.69,258970.15
1,5,58,486,T01054297,LMBI,6,166.43,5,4.17,4.52448,Cut,69243.61,4.52448,359.5,9.17m,6646.14,187.43,332310.5041,187.43,235159.92
1,8,40,767,T01082997,AMPI,4,225.11,5,6.46,12.85078,Cut,126687.36,12.85078,245.4,11.46m,18.31,246.11,575083.6451,246.11,405456.13
1,6,1,548,T01062387,SLET,1,118.44,5,9.28,5.12146,Cut,35068.16,5.12146,64.1,14.28m,0.49,139.44,183607.5601,139.44,130154.55
2,2,193,132,T02021748,CCHB,4,8.21,1,8.91,0.03142,Keep,168.72,,230.2,,,21.51,4271.12542,21.51,4396.75
8,1,735,88,T08014540,SPTK,7,245.46,5,14.28,33.7765,Cut,150632.71,33.7765,190.9,19.28m,3816.8,266.46,672394.3651,266.46,674721.76
6,5,592,438,T06059397,SOPI,2,190.16,5,11.95,16.9668,Cut,90400.03,16.9668,71.5,16.95m,198.08,211.16,423083.1601,211.16,423724.85
2,2,133,153,T02027048,SME,5,206.84,5,9.99,16.77828,Cut,106955.91,16.77828,0.9,14.99m,8466.35,227.84,494004.0491,227.84,493310.76
6,6,556,540,T06061695,LMBI,2,185.67,5,11.39,15.42722,Cut,86183.28,15.42722,255.7,16.39m,141.72,206.67,407194.1441,206.67,405896.68
7,3,656,236,T07037435,TPOG,7,10.19,1,4.66,0.03142,Keep,259.89,,238.8,,,23.89,5337.83717,23.89,5423.57
1,2,48,145,T01025328,PCEK,7,56.63,4,9.54,1.19396,Cut,8017.12,1.19396,303.9,14.54m,32.25,76.23,56051.07182,76.23,55221.96
6,7,517,603,T06078910,TBOT,2,126.32,5,10.76,6.755299999999999,Cut,39892.19,6.755299999999999,31.7,15.76m,837.09,147.32,205350.4241,147.32,206245.25
8,5,793,405,T08051378,SOPI,2,107.77,5,2.97,1.35106,Cut,29034.56,1.35106,221.3,7.97m,902.65,128.77,158139.52010000002,128.77,157575.92
7,4,605,322,T07041119,PNAG,4,93.39,5,8.6,2.95348,Cut,21804.58,2.95348,13.2,13.60m,2579.43,114.39,123501.0851,114.39,124347.34
7,1,678,58,T07014263,LOVG,3,68.8,5,7.26,1.35106,Cut,11832.61,1.35106,233.5,12.26m,501.69,89.8,76974.3971,89.8,76632.48
5,4,491,370,T05041167,MAKP,7,79.41,5,4.86,1.19396,Cut,15763.19,1.19396,124.9,9.86m,342.53,100.41,95030.0971,100.41,67489.7
8,2,775,100,T08028396,ATNG,3,244.52,5,13.0,30.50882,Cut,149481.23,30.50882,69.9,18.00m,283.61,265.52,672394.3651,265.52,669969.67
1,7,51,620,T01074680,SME,4,208.73,5,5.13,8.7976,Cut,108919.77,8.7976,154.2,10.13m,105.5,229.73,502708.7971,229.73,501529.02
1,8,90,759,T01083470,NENS,3,79.8,5,12.24,3.04774,Cut,15921.79,3.04774,220.1,17.24m,106.88,100.8,96940.2001,100.8,68014.99
8,8,719,778,T08089678,SBMS,3,94.77,5,9.11,3.20484,Cut,22455.72,3.20484,74.0,14.11m,206.17,115.77,127872.4651,115.77,89717.3
6,8,538,705,T06085893,TREL,5,103.57,5,12.72,5.37282,Cut,26818.16,5.37282,58.5,17.72m,329.69,124.57,148484.4721,124.57,103875.05
9,5,871,438,T09054258,RPCK,3,217.35,5,7.55,14.01332,Cut,118105.92,14.01332,187.9,12.55m,6276.96,238.35,538288.0291,238.35,380290.65
1,10,19,920,T01105597,RUNG,3,49.25,4,4.21,0.40846,Cut,6063.78,0.40846,18.0,9.21m,58.48,65.85,40894.92718,65.85,29026.34
3,5,224,463,T03051423,CREY,3,113.71,5,5.98,3.04774,Cut,32325.16,3.04774,4.6,10.98m,2784.06,134.71,173192.2721,134.71,121474.24
6,1,573,66,T06016330,RANG,5,120.19,5,9.6,5.43566,Cut,36114.9,5.43566,181.7,14.60m,19306.38,141.19,188929.2401,141.19,133441.99
8,4,761,370,T08041760,TRYA,2,28.64,2,13.87,0.43988,Keep,2050.96,,253.7,,,46.14,20547.95885,46.14,20230.84
8,3,707,274,T08032200,SDAV,3,60.91,5,3.26,0.4712999999999999,Cut,9276.0,0.4712999999999999,105.7,8.26m,198.73,81.91,63898.2691,81.91,63757.89
6,5,527,400,T06057189,PAGS,3,175.12,5,11.37,13.69912,Cut,76671.99,13.69912,101.7,16.37m,109.14,196.12,365067.3451,196.12,257471.36
3,5,242,401,T03051141,MMAG,7,115.34,5,13.45,7.038080000000001,Cut,33258.53,7.038080000000001,186.5,18.45m,2124.01,136.34,175767.58510000003,136.34,124431.73
3,7,284,653,T03073695,CHRH,4,229.96,5,4.55,9.45742,Cut,132208.34,9.45742,177.0,9.55m,5419.04,250.96,598698.6001,250.96,421593.96
2,9,122,882,T02099342,DKOR,6,174.29,5,8.41,10.02298,Cut,75941.64,10.02298,260.7,13.41m,19.98,195.29,361351.6721,195.29,255296.67
10,2,981,128,T10027624,PHOR,4,6.99,1,5.03,0.0,Keep,122.21,,65.3,,,19.89,3801.2971,19.89,3759.4
3,8,244,752,T03082387,BBOK,2,164.08,5,13.99,14.79882,Cut,67308.71,14.79882,359.3,18.99m,19970.68,185.08,325240.2721,185.08,229300.0
7,6,637,532,T07068588,DGPR,2,205.96,5,8.72,14.51604,Cut,106046.64,14.51604,186.2,13.72m,5863.68,226.96,489680.1841,226.96,489507.43
9,2,890,143,T09025013,TAPL,3,191.64,5,9.62,13.88764,Cut,91815.09,13.88764,353.7,14.62m,8061.52,212.64,431141.7041,212.64,302674.03
2,6,176,574,T02062131,DYSP,3,92.42,5,9.96,3.33052,Cut,21355.96,3.33052,236.8,14.96m,115.17,113.42,121343.9041,113.42,122247.41
6,8,536,796,T06088059,TRYA,3,13.39,1,8.42,0.06284,Keep,448.59,,216.4,,,27.89,7186.74085,27.89,2178.02
9,2,885,111,T09027750,LGNG,2,12.82,1,10.81,0.06284,Keep,411.18,,266.9,,,27.22,7186.74085,27.22,7040.95
2,2,198,163,T02025649,TLOK,1,123.78,5,3.06,1.85378,Cut,38306.26,1.85378,320.7,8.06m,241.91,144.78,199800.67210000005,144.78,140314.27
5,8,424,791,T05084661,KCAS,6,179.01,5,14.0,17.62662,Cut,80110.99,17.62662,148.7,19.00m,697.36,200.01,380120.0971,200.01,380157.92
3,5,260,421,T03051987,TENG,6,88.49,5,7.37,2.26224,Cut,19576.95,2.26224,133.2,12.37m,244.16,109.49,112905.2401,109.49,80247.74
1,9,30,823,T01097095,TOUK,1,153.56,5,9.63,8.92328,Cut,58952.09,8.92328,279.5,14.63m,5.02,174.56,291029.4721,174.56,203973.84
9,9,882,863,T09095181,NIV,6,27.58,2,10.15,0.3142,Keep,1901.31,,199.8,,,45.08,19673.68285,45.08,13603.26
9,4,887,354,T09041290,TRSK,2,134.88,5,11.38,8.13778,Cut,45481.85,8.13778,219.2,16.38m,1087.57,155.88,231265.1051,155.88,230909.26
3,3,268,213,T03033566,KRUS,7,232.22,5,9.58,20.29732,Cut,134813.06,20.29732,239.3,14.58m,159.13,253.22,608277.6241,253.22,609335.76
9,8,884,739,T09086952,BAKK,7,161.64,5,11.41,11.68824,Cut,65319.23,11.68824,342.0,16.41m,2720.67,182.64,318246.0641,182.64,223293.9
6,6,590,515,T06068280,KHVG,3,210.66,5,8.11,14.139,Cut,110944.43,14.139,188.9,13.11m,3767.66,231.66,511489.5691,231.66,509991.28
10,9,940,826,T10092521,CHKP,1,156.6,5,4.79,4.61874,Cut,61306.23,4.61874,38.1,9.79m,1198.83,177.6,301093.14910000004,177.6,211140.21
2,1,190,83,T02011451,KANT,1,59.04,4,5.45,0.75408,Cut,8715.4,0.75408,262.7,10.45m,24.34,79.64,60212.62557999999,79.64,42456.56
8,1,737,9,T08018379,SME,3,240.95,5,3.09,7.038080000000001,Cut,145143.24,7.038080000000001,206.4,8.09m,1484.68,261.95,652324.0291,261.95,459327.24
10,6,979,513,T10065138,KHMA,5,147.27,5,9.57,8.13778,Cut,54224.54,8.13778,40.3,14.57m,1154.4,168.27,268212.76910000003,168.27,269075.38
8,2,788,159,T08029496,KKAL,5,143.99,5,7.12,5.8127,Cut,51830.16,5.8127,256.4,12.12m,190.64,164.99,258719.27210000003,164.99,182221.73
1,4,71,331,T01045881,BAKG,4,154.16,5,11.18,10.431439999999998,Cut,59414.09,10.431439999999998,55.6,16.18m,48.61,175.16,291029.4721,175.16,291561.69
4,7,379,642,T04079128,CREY,6,104.35,5,12.53,5.37282,Cut,27224.87,5.37282,274.3,17.53m,28.5,125.35,148484.4721,125.35,149316.95
2,5,126,471,T02052453,KNAL,4,182.41,5,2.99,3.9275,Cut,83187.58,3.9275,181.9,7.99m,3798.22,203.41,391609.2241,203.41,276968.12
1,4,71,389,T01049057,BKSV,7,58.45,4,11.17,1.50816,Cut,8542.02,1.50816,192.6,16.17m,317.64,78.65,58113.22282,78.65,58783.77
3,1,298,37,T03013067,CHEK,5,153.09,5,6.0,5.52992,Cut,58593.97,5.52992,139.5,11.00m,348.91,174.09,287712.9251,174.09,202876.92
3,8,270,753,T03087729,ACSA,6,35.16,3,4.72,0.21994,Keep,3089.91,,41.1,,,51.86,25400.57077,51.86,18002.91
6,5,559,412,T06058961,SVPT,4,163.21,5,7.05,7.3837,Cut,66594.7,7.3837,30.9,12.05m,934.02,184.21,321733.66510000004,184.21,227149.34
3,4,291,372,T03043463,PLPH,5,210.46,5,14.31,24.88464,Cut,110732.87,24.88464,167.2,19.31m,1280.84,231.46,507089.6801,231.46,358622.23
3,7,278,620,T03079349,ROKA,5,134.26,5,11.42,8.07494,Cut,45065.13,8.07494,256.5,16.42m,66.74,155.26,228309.67210000005,155.26,161363.01
3,8,246,761,T03085312,KKMS,5,229.74,5,10.1,20.92572,Cut,131951.28,20.92572,334.5,15.10m,515.75,250.74,598698.6001,250.74,420855.11
7,8,634,709,T07086793,TRSK,2,160.68,5,6.27,6.34684,Cut,64545.45,6.34684,55.1,11.27m,442.28,181.68,314777.46910000005,181.68,313671.34
10,6,971,521,T10067272,THNR,7,57.14,4,3.81,0.50272,Cut,8162.56,0.50272,212.4,8.81m,1530.05,76.94,56051.07182,76.94,39626.57
5,10,401,992,T05108770,PPUL,4,128.09,5,12.38,7.980679999999999,Cut,41018.8,7.980679999999999,204.2,17.38m,892.27,149.09,210976.2001,149.09,211230.95
2,8,115,715,T02088578,SWPR,2,191.77,5,6.29,9.08038,Cut,91938.95,9.08038,348.9,11.29m,586.16,212.77,431141.7041,212.77,430210.91
4,5,310,446,T04055904,TRMN,5,185.69,5,5.52,7.477959999999999,Cut,86202.52,7.477959999999999,212.3,10.52m,490.37,206.69,407194.1441,206.69,405975.25
6,10,589,990,T06101532,TRAC,6,140.72,5,9.23,7.19518,Cut,49506.81,7.19518,97.4,14.23m,76.5,161.72,249396.8291,161.72,175070.25
4,10,381,918,T04104188,SLET,7,126.94,5,12.66,8.012099999999998,Cut,40283.05,8.012099999999998,301.0,17.66m,228.93,147.94,208153.8091,147.94,207984.88
2,10,143,956,T02109983,CHOV,2,163.33,5,2.92,3.04774,Cut,66690.53,3.04774,214.4,7.92m,208.85,184.33,321733.66510000004,184.33,227445.38
10,3,935,210,T10032702,PRLO,5,7.87,1,13.52,0.03142,Keep,154.94,,262.2,,,21.07,4271.12542,21.07,1243.08
8,7,739,641,T08075318,CCHB,5,233.59,5,9.8,20.98856,Cut,136412.18,20.98856,43.0,14.80m,792.48,254.59,617932.6721,254.59,615947.0
6,4,506,370,T06045065,THNR,7,149.28,5,13.69,11.97102,Cut,55708.58,11.97102,225.9,18.69m,490.35,170.28,274636.7971,170.28,275542.03
8,7,709,640,T08079095,CHOV,4,182.6,5,4.04,5.27856,Cut,83353.2,5.27856,339.3,9.04m,1876.31,203.6,395476.9451,203.6,393927.38
3,9,217,879,T03095575,ATSR,4,61.57,5,14.3,2.13656,Cut,9477.58,2.13656,265.9,19.30m,15.55,82.57,65466.2641,82.57,64789.5
7,1,677,57,T07014299,BAKP,1,126.84,5,3.01,1.8852,Cut,40218.55,1.8852,214.7,8.01m,977.71,147.84,208153.8091,147.84,146308.19
8,3,764,256,T08037041,DCSP,1,39.59,3,11.4,0.69124,Keep,3917.71,,294.5,,,55.59,29695.16653,55.59,20685.79
4,10,392,904,T04101633,CHKU,1,224.79,5,6.2,12.31664,Cut,126331.47,12.31664,345.8,11.20m,1549.17,245.79,575083.6451,245.79,574102.02
4,4,362,347,T04043494,SARG,2,181.74,5,3.81,4.93294,Cut,82577.65,4.93294,326.6,8.81m,549.0,202.74,391609.2241,202.74,275146.55
10,5,996,492,T10052869,SRAL,7,121.83,5,8.39,4.90152,Cut,37104.83,4.90152,151.4,13.39m,1826.79,142.83,194326.9441,142.83,193864.99
3,2,230,185,T03026522,KNAL,2,108.04,5,2.71,1.2568,Cut,29179.23,1.2568,205.5,7.71m,482.21,129.04,158139.52010000002,129.04,111463.62
3,9,201,811,T03091004,PONR,5,128.43,5,11.96,7.76074,Cut,41236.95,7.76074,252.8,16.96m,62.22,149.43,210976.2001,149.43,212195.48
1,4,85,300,T01042826,THNR,3,145.88,5,7.72,6.4411,Cut,53202.94,6.4411,116.4,12.72m,42.19,166.88,265029.26410000003,166.88,264648.33
3,10,244,904,T03107258,KROH,2,213.69,5,7.33,13.13356,Cut,114154.63,13.13356,246.1,12.33m,108.13,234.69,524803.2721000001,234.69,523419.4
5,10,401,984,T05106415,KTOM,7,25.43,2,2.5,0.06284,Keep,1617.41,,310.0,,,42.43,16763.3891,42.43,12050.91
10,10,956,919,T10101314,KHLG,4,167.33,5,13.96,15.36438,Cut,69998.15,15.36438,144.0,18.96m,1315.82,188.33,335874.1291,188.33,337054.1
6,2,596,146,T06028214,THTR,1,191.31,5,12.16,17.46952,Cut,91502.17,17.46952,60.2,17.16m,341.33,212.31,427102.9291,212.31,428352.72
7,9,640,806,T07091370,CHKG,5,172.44,5,2.52,2.95348,Cut,74339.04,2.95348,348.7,7.52m,3202.89,193.44,353977.34410000005,193.44,250482.68
9,4,860,383,T09042993,CTES,5,46.32,4,8.64,0.72266,Cut,5363.67,0.72266,61.6,13.64m,465.0,61.72,35826.02698,61.72,36200.24
9,4,810,339,T09042094,BDNG,4,95.08,5,6.93,2.45076,Cut,22602.96,2.45076,59.0,11.93m,486.7,116.08,127872.4651,116.08,128048.71
5,2,426,162,T05023544,POKH,4,66.5,5,11.42,1.97946,Cut,11055.8,1.97946,352.2,16.42m,3109.88,87.5,71928.3041,87.5,51250.61
4,1,355,8,T04019054,KKGN,5,229.98,5,9.91,20.5801,Cut,132225.29,20.5801,72.6,14.91m,111.25,250.98,598698.6001,250.98,598603.0
9,4,868,390,T09041279,LRLT,3,112.97,5,12.09,6.06406,Cut,31907.75,6.06406,175.5,17.09m,11028.99,133.97,170635.9651,133.97,170559.38
6,4,525,301,T06045808,PHMA,1,24.22,2,6.46,0.1571,Keep,1466.28,,344.0,,,41.02,15819.17102,41.02,11263.26
3,2,287,144,T03026750,ANKT,5,89.13,5,5.34,1.66526,Cut,19859.82,1.66526,259.7,10.34m,52.16,110.13,114986.3971,110.13,81188.63
7,1,629,96,T07013143,NHAM,3,198.68,5,5.34,8.294880000000001,Cut,98685.28,8.294880000000001,155.3,10.34m,1367.54,219.68,459945.2971,219.68,458608.05
3,10,246,935,T03102354,KTOM,2,96.77,5,6.71,2.48218,Cut,23411.9,2.48218,269.5,11.71m,2.15,117.77,132319.8691,117.77,92843.93
1,3,96,282,T01035304,KNAL,4,193.64,5,12.72,18.72632,Cut,93741.7,18.72632,118.8,17.72m,52.78,214.64,439276.2721,214.64,437806.25
10,3,901,241,T10037135,CHLK,7,90.01,5,6.01,1.91662,Cut,20255.78,1.91662,89.1,11.01m,14.15,111.01,117086.5601,111.01,117107.46
7,9,657,838,T07099114,CHRH,7,155.3,5,5.22,4.93294,Cut,60292.75,4.93294,97.5,10.22m,86.5,176.3,294365.0251,176.3,295369.2
5,8,433,798,T05086177,THME,5,171.61,5,9.86,11.40546,Cut,73626.81,11.40546,118.5,14.86m,235.1,192.61,353977.34410000005,192.61,352548.01
2,1,107,56,T02014546,SAHA,1,129.39,5,7.53,4.93294,Cut,41852.14,4.93294,107.3,12.53m,33.33,150.39,213817.5971,150.39,214930.7
8,8,727,701,T08089943,BKSV,6,112.88,5,7.89,3.95892,Cut,31855.61,3.95892,17.4,12.89m,2319.86,133.88,170635.9651,133.88,119981.95
3,5,260,421,T03051987,TENG,6,88.49,5,7.37,2.26224,Cut,19576.95,2.26224,133.2,12.37m,244.16,109.49,112905.2401,109.49,80247.74
7,10,623,952,T07105058,PROM,2,71.42,5,11.52,2.29366,Cut,12752.44,2.29366,44.8,16.52m,627.36,92.42,80433.4891,92.42,81169.36
9,4,887,308,T09041811,YOUK,3,40.78,3,10.96,0.72266,Keep,4158.45,,248.7,,,56.58,30551.19677,56.58,30421.82
2,2,116,191,T02021125,SADA,2,151.66,5,5.55,5.027200000000001,Cut,57499.17,5.027200000000001,324.0,10.55m,159.66,172.66,284415.3841,172.66,283298.36
9,5,841,425,T09052418,PRDL,4,209.41,5,12.0,20.67436,Cut,109631.24,20.67436,240.8,17.00m,470.02,230.41,502708.7971,230.41,504502.47
10,8,990,716,T10085760,MTYK,7,103.83,5,7.26,3.07916,Cut,26950.06,3.07916,274.4,12.26m,76.18,124.83,148484.4721,124.83,148080.68
5,4,459,376,T05041117,TTPY,7,34.3,3,4.58,0.21994,Keep,2941.18,,176.9,,,51.1,24620.56453,51.1,24814.23
5,9,454,826,T05092835,APEN,6,76.99,5,10.1,2.3565,Cut,14819.45,2.3565,277.6,15.10m,60.58,97.99,91266.9091,97.99,91248.09
3,9,293,853,T03093918,KRVN,3,236.91,5,4.62,10.18008,Cut,140311.09,10.18008,90.0,9.62m,0.0,257.91,632557.7891,257.91,632116.35
3,2,204,161,T03024159,TRTM,2,110.39,5,13.46,6.4411,Cut,30465.89,6.4411,223.9,18.46m,211.99,131.39,163081.08010000002,131.39,115560.41
10,7,974,659,T10072580,SARG,6,202.37,5,13.57,21.8369,Cut,102385.19,21.8369,174.0,18.57m,9266.99,223.37,472574.7841000001,223.37,333991.16
8,5,741,405,T08055372,KBKK,2,84.53,5,7.37,2.07372,Cut,17865.39,2.07372,263.8,12.37m,80.5,105.53,106775.8051,105.53,74547.94
9,4,880,346,T09047180,PLNG,6,120.51,5,10.65,6.06406,Cut,36305.02,6.06406,345.5,15.65m,3402.71,141.51,191618.5891,141.51,134047.56
1,8,12,756,T01085211,THNS,3,225.57,5,7.71,15.3958,Cut,127202.04,15.3958,123.2,12.71m,7.85,246.57,579768.6241,246.57,577751.56
10,6,952,533,T10067404,RODL,4,215.4,5,2.85,5.1843,Cut,115992.91,5.1843,229.2,7.85m,821.74,236.4,529279.1851,236.4,374093.59
8,8,748,720,T08089959,CHKP,4,144.32,5,8.84,7.226599999999999,Cut,52068.46,7.226599999999999,12.2,13.84m,3459.64,165.32,258719.27210000003,165.32,182951.39
3,3,262,204,T03035589,DNKY,6,215.32,5,7.87,14.327519999999998,Cut,115909.99,14.327519999999998,229.7,12.87m,222.19,236.32,529279.1851,236.32,373840.44
2,8,114,764,T02081831,CHRK,7,170.35,5,6.1,6.94382,Cut,72548.21,6.94382,115.6,11.10m,54.62,191.35,346679.04010000004,191.35,347950.56
6,8,559,792,T06088655,KES,6,15.02,2,10.08,0.09426,Keep,564.4,,323.3,,,30.02,8552.797100000002,30.02,6032.3
4,6,344,573,T04069946,PPPR,2,219.88,5,6.94,13.164980000000002,Cut,120864.7,13.164980000000002,52.0,11.94m,268.76,240.88,551943.8401,240.88,551394.13
10,10,928,950,T10107534,BNKO,5,83.51,5,5.23,1.44532,Cut,17433.14,1.44532,286.3,10.23m,271.37,104.51,104770.6721,104.51,103794.9
8,10,761,974,T08104034,DKPO,5,219.04,5,12.01,22.6224,Cut,119949.31,22.6224,124.9,17.01m,530.88,240.04,547372.8971000001,240.04,547555.18
2,9,149,876,T02096921,SRLO,7,126.7,5,10.86,6.84956,Cut,40130.85,6.84956,204.2,15.86m,331.54,147.7,208153.8091,147.7,146031.22
1,10,74,919,T01108386,PHDK,7,30.64,3,6.83,0.25136,Keep,2346.53,,186.9,,,48.04,22261.44478,48.04,21931.32
8,8,723,732,T08083322,EPSH,6,90.34,5,11.54,3.70756,Cut,20402.42,3.70756,159.7,16.54m,1954.52,111.34,117086.5601,111.34,117804.75
1,10,35,943,T01107979,TRAG,2,64.51,5,4.02,0.65982,Cut,10403.7,0.65982,101.2,9.02m,6.93,85.51,70284.2851,85.51,48945.93
10,5,980,402,T10054082,KDCK,7,123.29,5,14.2,8.4834,Cut,38001.39,8.4834,133.1,19.20m,917.07,144.29,197054.30510000003,144.29,139366.1
7,4,630,337,T07045966,DYSP,5,33.97,3,2.56,0.12568,Keep,2885.89,,356.4,,,50.87,24620.56453,50.87,17322.11
10,2,967,126,T10025193,NENS,4,96.58,5,12.79,4.681579999999999,Cut,23318.45,4.681579999999999,207.6,17.79m,1849.7,117.58,132319.8691,117.58,131379.41
8,3,738,296,T08039240,PECH,6,5.15,1,4.98,0.0,Keep,66.49,,77.1,,,17.65,2910.39085,17.65,2960.3
9,10,838,934,T09107981,KLPO,3,216.35,5,4.97,9.14322,Cut,117021.85,9.14322,275.3,9.97m,77.74,237.35,533774.1041,237.35,377106.31
1,4,39,328,T01042948,KCAS,7,143.86,5,9.42,7.66648,Cut,51740.99,7.66648,127.5,14.42m,29.93,164.86,258719.27210000003,164.86,181934.69
2,3,136,202,T02035482,CHUT,6,228.28,5,14.69,30.06894,Cut,130283.53,30.06894,79.8,19.69m,24.47,249.28,589195.6001,249.28,415968.3
10,10,986,911,T10106740,DRDV,4,219.82,5,4.25,8.07494,Cut,120803.36,8.07494,340.5,9.25m,2784.38,240.82,551943.8401,240.82,551119.47
10,4,995,367,T10046799,KKCM,1,55.65,4,4.86,0.59698,Cut,7741.26,0.59698,22.2,9.86m,2438.17,74.85,54026.172580000006,74.85,37502.95
10,1,981,44,T10019801,TTPY,5,39.82,3,10.25,0.6284000000000001,Keep,3964.46,,207.6,,,55.72,29695.16653,55.72,20782.65
3,10,240,992,T03102227,KRBO,3,23.24,2,8.26,0.18852,Keep,1350.48,,44.0,,,39.84,14902.321580000002,39.84,10624.56
9,10,874,902,T09101570,BAKG,5,52.84,4,13.44,1.47674,Cut,6981.31,1.47674,31.8,18.44m,1409.62,70.84,48174.985420000005,70.84,47688.86
7,9,633,813,T07094356,TRLT,6,99.01,5,10.35,3.99034,Cut,24507.81,3.99034,37.4,15.35m,827.93,120.01,136843.29710000005,120.01,136865.91
10,10,908,939,T10105288,POBY,1,151.33,5,14.56,13.10214,Cut,57255.77,13.10214,16.4,19.56m,3085.12,172.33,281136.8491,172.33,198795.6
4,3,377,249,T04036770,TREN,4,76.8,5,13.31,3.07916,Cut,14747.13,3.07916,141.0,18.31m,465.56,97.8,91266.9091,97.8,90894.58
2,9,197,852,T02096790,PMVG,6,72.35,5,8.25,1.69668,Cut,13087.35,1.69668,131.2,13.25m,172.46,93.35,82191.5441,93.35,82811.16
1,1,86,39,T01018037,EPSH,7,119.31,5,12.41,6.94382,Cut,35586.15,6.94382,115.0,17.41m,40.1,140.31,186258.8971,140.31,131783.75
5,2,487,191,T05028030,ONLK,7,198.49,5,3.38,5.215719999999999,Cut,98491.2,5.215719999999999,260.0,8.38m,85.87,219.49,455773.4801,219.49,322488.88
3,5,222,485,T03059662,SRKR,4,44.9,3,13.68,1.06828,Keep,5041.22,,222.4,,,60.0,34210.8971,60.0,24098.07
1,6,93,580,T01065021,CHBK,3,37.59,3,11.66,0.65982,Keep,3533.23,,346.1,,,53.89,27916.49002,53.89,19439.93
9,3,847,295,T09034268,SVCT,2,179.61,5,5.75,7.289439999999999,Cut,80652.99,7.289439999999999,201.9,10.75m,2106.98,200.61,383930.8001,200.61,382442.17
8,9,797,853,T08095245,ANKN,4,62.6,5,7.64,1.16254,Cut,9795.93,1.16254,141.1,12.64m,987.73,83.6,67053.2651,83.6,66415.99
2,3,172,220,T02039583,TRLT,6,125.8,5,6.77,4.21028,Cut,39565.56,4.21028,58.8,11.77m,104.17,146.8,205350.4241,146.8,144256.98
8,2,704,180,T08027868,SARG,6,102.45,5,5.71,2.3565,Cut,26241.33,2.3565,128.4,10.71m,557.98,123.45,143770.9841,123.45,144824.7
2,5,131,473,T02055823,KROH,5,127.64,5,11.56,7.3837,Cut,40732.21,7.3837,233.4,16.56m,97.29,148.64,210976.2001,148.64,147895.9
3,9,296,847,T03098930,KMPT,3,140.29,5,10.67,8.26346,Cut,49205.07,8.26346,240.2,15.67m,169.52,161.29,246327.3601,161.29,247215.36
6,3,548,294,T06037354,KKGN,2,194.79,5,3.86,5.74986,Cut,94855.0,5.74986,297.1,8.86m,280.43,215.79,443372.0651,215.79,442510.18
8,5,704,442,T08054946,RUNG,2,147.64,5,4.56,3.89608,Cut,54494.7,3.89608,66.4,9.56m,307.57,168.64,271415.28010000003,168.64,190373.34
3,5,296,454,T03056998,KDCE,1,161.94,5,13.72,14.139,Cut,65564.71,14.139,322.7,18.72m,388.56,182.94,318246.0641,182.94,318037.22
8,7,764,648,T08073077,BAKG,6,208.63,5,5.45,9.30032,Cut,108815.5,9.30032,236.6,10.45m,503.77,229.63,502708.7971,229.63,352973.87
2,5,196,436,T02055035,PHON,3,69.69,5,5.05,0.97402,Cut,12142.82,0.97402,44.0,10.05m,202.96,90.69,78694.4401,90.69,55055.65
7,10,651,991,T07106025,SAHA,3,33.81,3,4.26,0.18852,Keep,2858.06,,276.6,,,50.71,24620.56453,50.71,24436.91
8,3,790,254,T08032057,PPTH,6,214.35,5,13.89,25.07316,Cut,114865.29,25.07316,240.6,18.89m,445.14,235.35,524803.2721000001,235.35,370777.8
2,4,163,316,T02047272,KRVN,6,167.49,5,14.95,16.46408,Cut,70131.73,16.46408,328.9,19.95m,270.21,188.49,335874.1291,188.49,237827.31
3,3,281,287,T03034063,ANRD,4,76.86,5,2.72,0.6284000000000001,Cut,14768.84,0.6284000000000001,160.5,7.72m,793.52,97.86,91266.9091,97.86,91006.14
7,9,688,868,T07092951,SWPR,7,149.03,5,8.71,7.603639999999999,Cut,55523.2,7.603639999999999,176.8,13.71m,12305.78,170.03,274636.7971,170.03,274733.54
1,6,21,503,T01069000,KANE,5,217.73,5,14.25,26.51848,Cut,118518.82,26.51848,244.8,19.25m,9.88,238.73,542820.9601,238.73,541595.0
5,6,471,528,T05069596,TRYG,3,33.57,3,5.69,0.25136,Keep,2818.13,,32.9,,,50.57,24620.56453,50.57,17118.4
10,1,914,26,T10012821,KDCE,1,167.68,5,3.93,4.335959999999999,Cut,70291.44,4.335959999999999,36.9,8.93m,1217.33,188.68,339456.7601,188.68,338308.06
9,6,802,576,T09066935,SVCT,7,55.2,4,5.04,0.59698,Cut,7616.87,0.59698,300.0,10.04m,463.03,74.2,52038.5251,74.2,52320.0
2,1,109,81,T02015433,KHOV,3,42.12,3,7.89,0.5341400000000001,Keep,4434.81,,282.0,,,57.62,31419.39085,57.62,31550.47
8,1,711,14,T08013047,ROVN,4,242.39,5,13.2,30.4774,Cut,146888.19,30.4774,316.4,18.20m,746.62,263.39,657313.1041,263.39,464391.18
2,3,147,279,T02035928,TRSK,5,8.94,1,7.52,0.03142,Keep,200.13,,164.7,,,22.34,4810.99085,22.34,1397.44
3,9,251,858,T03098795,POUN,6,28.75,2,12.15,0.40846,Keep,2066.02,,164.7,,,46.25,20547.95885,46.25,20327.41
2,1,156,15,T02019514,PROM,5,111.55,5,14.55,7.10092,Cut,31110.68,7.10092,1.3,19.55m,6874.31,132.55,168098.66410000002,132.55,166962.89
9,2,824,100,T09029968,KLIG,5,9.01,1,6.22,0.03142,Keep,203.26,,316.6,,,22.51,4810.99085,22.51,4815.07
6,3,589,215,T06037031,KREL,2,104.61,5,12.52,5.37282,Cut,27358.78,5.37282,92.2,17.52m,22.63,125.61,150869.7251,125.61,105616.74
6,8,533,734,T06088199,KBAL KRORLORNG,2,6.28,1,5.03,0.0,Keep,98.78,,130.1,,,19.08,3323.20117,19.08,1019.36
8,8,776,711,T08083031,KRAK,3,61.12,5,11.57,1.69668,Cut,9339.6,1.69668,340.8,16.57m,2228.37,82.12,63898.2691,82.12,64085.23
3,7,253,615,T03076736,ROKA,4,79.59,5,13.11,3.26768,Cut,15835.86,3.26768,101.4,18.11m,51.01,100.59,96940.2001,100.59,67731.89
2,8,173,790,T02089879,POPL,6,148.64,5,3.63,3.142,Cut,55237.06,3.142,18.4,8.63m,520.06,169.64,274636.7971,169.64,192637.79
5,8,462,707,T05088282,KHOS,1,96.51,5,12.46,4.555899999999999,Cut,23283.25,4.555899999999999,26.2,17.46m,938.91,117.51,132319.8691,117.51,92434.44
10,3,907,291,T10033968,SAND,2,151.94,5,14.84,13.44776,Cut,57715.38,13.44776,304.0,19.84m,611.78,172.94,284415.3841,172.94,284217.94
9,6,875,576,T09061351,CHBR,2,66.94,5,9.67,1.69668,Cut,11201.43,1.69668,136.5,14.67m,922.06,87.94,73591.3291,87.94,51767.34
9,6,828,590,T09065600,TENG,6,132.82,5,13.94,9.64594,Cut,44101.44,9.64594,249.1,18.94m,316.18,153.82,225373.24510000003,153.82,158383.67
10,3,907,257,T10037366,SAHA,7,211.86,5,7.81,13.761959999999998,Cut,112210.35,13.761959999999998,331.4,12.81m,1663.56,232.86,515908.4641,232.86,515288.48
7,3,657,298,T07037487,CRMS,1,85.55,5,8.31,2.38792,Cut,18296.05,2.38792,278.1,13.31m,93.5,106.55,108799.9441,106.55,107886.54
7,2,685,186,T07023512,KTOM,2,152.57,5,3.37,3.07916,Cut,58193.49,3.07916,172.6,8.37m,5274.21,173.57,287712.9251,173.57,201666.76
10,8,910,744,T10088313,BTIL,2,223.12,5,3.14,6.1269,Cut,124461.92,6.1269,0.8,8.14m,65169.71,244.12,565770.7051,244.12,398925.75
2,8,131,739,T02081908,AMPI,3,218.58,5,8.35,15.67858,Cut,119441.54,15.67858,299.3,13.35m,73.51,239.58,547372.8971000001,239.58,384225.74
9,9,852,877,T09099648,KHTN,5,237.22,5,4.57,10.08582,Cut,140682.83,10.08582,160.3,9.57m,2379.54,258.22,632557.7891,258.22,633636.84
2,7,154,689,T02073717,SRAL,6,88.56,5,14.45,4.46164,Cut,19605.6,4.46164,164.8,19.45m,566.81,109.56,114986.3971,109.56,80350.39
4,10,361,936,T04105704,CHTR,5,53.73,4,12.93,1.47674,Cut,7217.99,1.47674,311.4,17.93m,318.26,72.13,50088.12937999999,72.13,49441.51
6,3,581,257,T06038110,TRBL,3,117.58,5,5.47,2.95348,Cut,34564.61,2.95348,78.3,10.47m,120.32,138.58,183607.5601,138.58,182499.47
1,5,83,454,T01059548,APEN,6,55.0,4,4.41,0.5341400000000001,Cut,7561.37,0.5341400000000001,161.4,9.41m,246.63,74.0,52038.5251,73.8,51757.42
4,8,367,758,T04086920,NNON,4,187.8,5,8.34,11.56256,Cut,88169.75,11.56256,111.8,13.34m,146.79,208.8,415100.6401,208.8,291840.93
3,2,223,131,T03028004,CHMI,2,111.71,5,6.66,3.26768,Cut,31200.21,3.26768,25.4,11.66m,469.64,132.71,168098.66410000002,132.71,167366.21
4,9,341,875,T04091346,VOEG,1,96.68,5,7.27,2.6707,Cut,23369.1,2.6707,219.2,12.27m,418.11,117.68,132319.8691,117.68,131602.98
8,4,786,336,T08043812,CRMS,5,70.94,5,8.91,1.7595200000000002,Cut,12582.62,1.7595200000000002,325.9,13.91m,1160.92,91.94,80433.4891,91.94,80328.42
3,3,268,233,T03031882,SMPN,4,169.14,5,3.06,3.42478,Cut,71520.07,3.42478,331.8,8.06m,499.82,190.14,343058.3971,190.14,242009.32
3,1,267,57,T03013446,PROM,6,22.97,2,5.98,0.12568,Keep,1318.9,,18.5,,,39.47,14902.321580000002,39.47,10428.12
6,5,581,414,T06053002,KREL,6,76.93,5,11.28,2.60786,Cut,14794.55,2.60786,65.7,16.28m,262.33,97.93,91266.9091,97.93,91136.38
9,6,871,590,T09069431,TREL,2,19.9,2,8.1,0.12568,Keep,990.56,,257.2,,,35.8,12315.985100000002,35.8,8578.97
3,7,211,681,T03079225,KOMY,6,5.32,1,14.85,0.03142,Keep,71.08,,132.7,,,17.82,2910.39085,17.82,889.18
8,6,781,582,T08062145,TENG,3,128.32,5,12.35,7.980679999999999,Cut,41168.26,7.980679999999999,359.9,17.35m,447479.58,149.32,210976.2001,149.32,211883.19
2,9,188,857,T02096923,YEAM,4,205.0,5,4.21,6.94382,Cut,105066.12,6.94382,297.2,9.21m,96.62,226.0,485375.3251,226.0,341902.41
9,8,869,740,T09084413,PHON,1,91.71,5,9.77,3.23626,Cut,21025.96,3.23626,343.3,14.77m,2896.53,112.71,121343.9041,112.71,120721.68
5,8,414,766,T05086306,PLOK,7,148.72,5,8.55,7.415119999999999,Cut,55297.36,7.415119999999999,260.9,13.55m,66.31,169.72,274636.7971,169.72,273732.66
6,3,531,201,T06039364,TPOG,6,25.96,2,4.49,0.12568,Keep,1685.04,,12.7,,,43.06,17734.975820000003,43.06,17620.02
2,10,183,930,T02105008,VOEG,5,207.78,5,9.75,16.52692,Cut,107931.64,16.52692,356.2,14.75m,2755.2,228.78,498346.9201000001,228.78,350365.56
2,5,179,496,T02056935,DYKL,3,89.15,5,5.45,1.69668,Cut,19870.59,1.69668,306.1,10.45m,130.53,110.15,114986.3971,110.15,115300.02
5,10,478,945,T05101744,KAKU,7,109.22,5,14.5,6.78672,Cut,29820.27,6.78672,332.5,19.50m,918.23,130.22,160600.79710000005,130.22,161144.63
7,7,684,658,T07079939,CHTR,5,239.39,5,14.65,32.95958,Cut,143266.93,32.95958,333.7,19.65m,1383.97,260.39,642402.8971000001,260.39,453872.63
1,10,82,919,T01108548,CHHU,7,94.44,5,7.76,2.73354,Cut,22299.68,2.73354,237.2,12.76m,52.85,115.44,125677.2721,115.44,126640.62
1,7,45,659,T01074521,PHNV,4,121.63,5,3.61,2.10514,Cut,36986.84,2.10514,289.1,8.61m,15.58,142.63,194326.9441,142.63,136177.83
2,6,150,593,T02067367,KRAY,1,159.72,5,8.28,8.294880000000001,Cut,63773.39,8.294880000000001,161.1,13.28m,438.11,180.72,311327.8801,180.72,310365.21
5,3,449,250,T05036473,SWPR,2,164.17,5,2.64,2.79638,Cut,67375.87,2.79638,31.9,7.64m,721.35,185.17,325240.2721,185.17,325838.09
9,1,890,5,T09012663,TBOT,1,102.92,5,5.16,2.13656,Cut,26480.96,2.13656,295.3,10.16m,420.7,123.92,146118.2251,123.92,145929.55
10,7,933,608,T10076633,ADCH,7,21.11,2,12.99,0.21994,Keep,1114.22,,351.2,,,37.31,13150.728620000002,37.31,13228.42
6,8,520,735,T06088487,PHOR,5,172.17,5,6.41,7.44654,Cut,74103.27,7.44654,173.3,11.41m,4426.55,193.17,353977.34410000005,193.17,354601.01
9,2,812,114,T09021018,ANCH,3,98.41,5,11.2,4.2731200000000005,Cut,24211.35,4.2731200000000005,182.0,16.20m,23252.64,119.41,134572.08010000002,119.41,135500.79
1,8,1,712,T01089956,BAKK,7,144.19,5,8.39,6.84956,Cut,51978.8,6.84956,256.6,13.39m,0.24,165.19,258719.27210000003,165.19,259315.26
9,1,803,68,T09013110,VEAY,5,238.19,5,4.63,10.33718,Cut,141838.34,10.33718,274.2,9.63m,58.97,259.19,637470.8401,259.19,449698.95
9,3,809,270,T09031333,HUDN,7,15.06,2,14.95,0.12568,Keep,566.85,,217.0,,,30.06,8552.797100000002,30.06,8586.85
1,2,40,149,T01024412,KDOL,5,188.59,5,14.18,19.7946,Cut,88911.89,19.7946,141.7,19.18m,50.65,209.59,419082.3971,209.59,417447.38
2,3,150,226,T02037427,SEMN,7,18.94,2,7.32,0.09426,Keep,897.3,,24.8,,,34.64,11508.61022,34.64,8032.0
9,10,868,938,T09103650,CHKM,4,18.74,2,8.48,0.12568,Keep,878.43,,204.5,,,34.44,11508.61022,34.44,7939.51
10,1,904,2,T10012641,SAHA,6,221.33,5,5.55,10.6828,Cut,122462.56,10.6828,63.2,10.55m,456.64,242.33,556533.7891,242.33,393096.98
3,10,268,941,T03102048,TMAK,3,98.32,5,6.19,2.3565,Cut,24166.47,2.3565,332.1,11.19m,506.16,119.32,134572.08010000002,119.32,135296.61
2,6,137,598,T02065491,CHEK,3,100.33,5,8.76,3.4562000000000004,Cut,25163.28,3.4562000000000004,145.2,13.76m,197.12,121.33,139133.52010000002,121.33,139893.27
7,2,693,154,T07029252,KES,3,184.08,5,5.64,7.50938,Cut,84717.58,7.50938,117.7,10.64m,363.83,205.08,399363.6721,205.08,399675.24
3,7,234,675,T03075202,NNON,2,215.54,5,12.25,22.33962,Cut,116143.46,22.33962,319.8,17.25m,276.9,236.54,533774.1041,236.54,374536.81
9,8,844,798,T09082829,KDCE,6,17.78,2,7.25,0.09426,Keep,790.53,,334.7,,,33.28,10728.603980000002,33.28,10525.03
8,6,712,577,T08062650,POCV,3,136.91,5,9.04,6.66104,Cut,46857.95,6.66104,10.3,14.04m,3917.88,157.91,237232.9891,157.91,166918.36
2,4,125,347,T02043199,EPSH,7,113.18,5,14.13,7.10092,Cut,32023.88,7.10092,1.0,19.13m,7161.25,134.18,170635.9651,134.18,120520.27
1,8,24,751,T01086622,SMCH,3,248.26,5,3.06,7.415119999999999,Cut,154081.62,7.415119999999999,102.1,8.06m,5.15,269.26,687646.6801,269.26,688976.41
9,5,819,408,T09053091,ACSA,6,184.66,5,7.07,9.45742,Cut,85245.57,9.45742,115.4,12.07m,388.89,205.66,403269.4051,205.66,283129.33
8,9,769,879,T08095579,SPOR,5,158.41,5,5.7,5.62418,Cut,62736.04,5.62418,296.9,10.70m,390.14,179.41,304485.72010000004,179.41,215465.79
1,2,53,112,T01023335,DYKL,7,42.77,3,7.3,0.5341400000000001,Keep,4572.34,,178.8,,,58.17,32410.64878,58.17,32155.67
7,1,697,35,T07016772,KRLA,4,161.47,5,10.46,10.71422,Cut,65180.12,10.71422,119.8,15.46m,399.18,182.47,314777.46910000005,182.47,222878.41
8,7,705,696,T08071031,PHNO,6,60.43,5,8.16,1.16254,Cut,9131.03,1.16254,154.6,13.16m,1484.73,81.43,62349.2801,81.43,44386.54
7,7,656,671,T07077891,MNPR,3,233.25,5,11.4,24.3505,Cut,136011.63,24.3505,157.2,16.40m,1560.56,254.25,613095.6451,254.25,614302.93
7,7,616,630,T07073797,CHKM,2,244.12,5,4.49,10.49428,Cut,148992.28,10.49428,304.2,9.49m,418.63,265.12,667348.2721000001,265.12,667952.61
10,2,998,166,T10022408,KKPN,5,76.27,5,13.68,3.11058,Cut,14544.35,3.11058,350.7,18.68m,6094.42,97.27,89413.8241,97.27,63334.63
2,1,131,50,T02016222,DOKM,4,56.81,4,6.04,0.75408,Cut,8068.81,0.75408,13.5,11.04m,545.65,76.41,56051.07182,76.41,55483.06
9,3,853,236,T09038816,PROM,5,220.44,5,13.28,25.35594,Cut,121479.79,25.35594,349.1,18.28m,4429.57,241.44,551943.8401,241.44,553960.88
10,2,986,109,T10022667,KAKU,7,64.75,5,9.36,1.53958,Cut,10481.04,1.53958,347.9,14.36m,4599.28,85.75,70284.2851,85.75,69876.06
7,10,619,907,T07109904,ROTY,6,78.55,5,12.04,2.92206,Cut,15426.06,2.92206,233.1,17.04m,464.76,99.55,95030.0971,99.55,66338.56
1,7,34,626,T01075518,ROML,1,196.07,5,8.59,12.97646,Cut,96110.63,12.97646,334.7,13.59m,71.93,217.07,447486.8641,217.07,447775.42
5,2,434,150,T05027597,ANKB,2,196.34,5,11.38,17.21816,Cut,96374.23,17.21816,149.4,16.38m,733.85,217.34,447486.8641,217.34,316201.98
4,6,366,578,T04069294,KRYS,7,138.2,5,11.39,8.546240000000001,Cut,47746.37,8.546240000000001,265.6,16.39m,28.16,159.2,240245.4401,159.2,240850.02
10,4,957,358,T10047626,KRAS,3,143.36,5,4.5,3.64472,Cut,51381.73,3.64472,168.2,9.50m,4580.9,164.36,255592.7851,164.36,180832.79
7,4,611,389,T07043902,TEPI,3,104.04,5,13.37,5.68702,Cut,27060.65,5.68702,50.0,18.37m,512.69,125.04,148484.4721,125.04,104660.37
1,4,33,380,T01048304,CASA,6,63.6,5,3.42,0.5341400000000001,Cut,10112.44,0.5341400000000001,275.5,8.42m,3.18,84.6,68659.2721,84.6,47909.7
2,10,147,996,T02103222,PRDL,6,11.82,1,3.43,0.03142,Keep,349.71,,225.4,,,26.02,6523.33642,26.02,6433.82
3,3,207,206,T03038722,KHMA,5,142.31,5,12.74,10.14866,Cut,50631.05,10.14866,210.0,17.74m,358.53,163.31,252485.3041,163.31,253446.4
1,3,12,282,T01033660,ANKB,1,111.6,5,2.76,1.35106,Cut,31138.65,1.35106,334.9,7.76m,25.62,132.6,168098.66410000002,132.6,167088.87
5,5,415,418,T05052097,DAKD,3,238.72,5,12.58,28.152320000000003,Cut,142465.72,28.152320000000003,68.0,17.58m,167.67,259.72,642402.8971000001,259.72,641019.81
4,1,360,3,T04013338,KRLA,4,22.16,2,11.35,0.21994,Keep,1227.77,,283.2,,,38.56,14012.84078,38.56,9952.8
4,6,377,589,T04068566,NENS,5,240.02,5,7.81,17.65804,Cut,144019.13,17.65804,175.4,12.81m,4685.67,261.02,647353.9601,261.02,647452.98
8,4,722,321,T08042146,SBTS,7,55.23,4,3.62,0.43988,Cut,7625.03,0.43988,259.0,8.62m,140.34,74.23,52038.5251,74.23,52362.32
1,7,73,664,T01072442,CTES,7,238.89,5,11.22,25.136,Cut,142675.65,25.136,244.4,16.22m,34.98,259.89,642402.8971000001,259.89,452131.25
10,10,912,963,T10104148,CKTM,7,129.42,5,7.85,5.15288,Cut,41871.95,5.15288,51.3,12.85m,730.65,150.42,213817.5971,150.42,215016.46
3,10,220,994,T03101019,TKOV,2,231.91,5,11.96,25.261679999999995,Cut,134456.18,25.261679999999995,47.2,16.96m,203.72,252.91,608277.6241,252.91,428171.12
4,1,353,76,T04017371,KNDL,3,44.47,3,14.03,1.0997,Keep,4945.23,,225.5,,,59.57,33304.691020000006,59.57,33722.11
8,8,731,733,T08082371,KOMY,2,12.07,1,11.36,0.06284,Keep,364.51,,102.8,,,26.27,6523.33642,26.27,1932.35
2,8,187,733,T02084203,KRAK,7,179.48,5,8.51,10.77706,Cut,80532.83,10.77706,346.3,13.51m,767.1,200.48,380120.0971,200.48,269046.46
1,9,93,803,T01093714,LOVG,3,35.27,3,9.0,0.43988,Keep,3110.97,,234.7,,,51.97,25400.57077,51.97,25666.37
3,1,213,91,T03016746,NIV,6,188.18,5,9.58,13.32208,Cut,88529.45,13.32208,329.2,14.58m,357.31,209.18,415100.6401,209.18,415815.76
3,1,205,4,T03011237,SME,4,179.98,5,4.11,5.215719999999999,Cut,80981.58,5.215719999999999,295.5,9.11m,97.78,200.98,383930.8001,200.98,383854.21
10,7,996,671,T10073127,TRSK,7,50.5,4,3.65,0.37704,Cut,6375.1,0.37704,115.0,8.65m,464.44,67.7,42659.0641,67.5,43297.95
1,8,73,738,T01086557,KCAS,7,68.44,5,9.67,1.7909399999999998,Cut,11711.25,1.7909399999999998,155.0,14.67m,156.55,89.44,75273.3601,89.44,76019.28
8,2,745,104,T08021885,SAVP,7,208.01,5,5.51,9.36316,Cut,108174.57,9.36316,93.7,10.51m,48.18,229.01,498346.9201000001,229.01,351070.38
1,6,79,554,T01061394,TRYG,3,41.35,3,14.34,0.97402,Keep,4273.9,,47.4,,,57.05,30551.19677,57.05,21786.65
3,7,229,650,T03075910,KTIT,4,7.08,1,11.65,0.03142,Keep,125.47,,219.1,,,20.08,3801.2971,20.08,1129.01
3,9,230,819,T03098704,CHBK,6,88.69,5,3.7,1.13112,Cut,19666.31,1.13112,80.1,8.70m,40.14,109.69,114986.3971,109.69,80541.18
9,2,838,127,T09026220,POCV,7,67.43,5,4.38,0.7855,Cut,11366.94,0.7855,354.8,9.38m,9208.07,88.43,73591.3291,88.43,52345.84
